{"chunk_definitions":[{"row":9,"row_count":1,"visible":true,"expansion_state":0,"options":{"engine":"r","label":"setup","include":false},"document_id":"7D9E80F5","chunk_id":"csetup_chunk","chunk_label":"setup"},{"row":196,"row_count":1,"visible":true,"expansion_state":0,"options":{"engine":"r","label":"unnamed-chunk-9"},"document_id":"7D9E80F5","chunk_id":"cohbswcgo5iu6","chunk_label":"unnamed-chunk-9"},{"row":382,"row_count":1,"visible":true,"expansion_state":0,"options":{"engine":"r","label":"unnamed-chunk-8"},"document_id":"7D9E80F5","chunk_id":"cei0jpv04rix2","chunk_label":"unnamed-chunk-23"}],"doc_write_time":1601869172,"working_dir":null,"default_chunk_options":{"echo":true},"chunk_rendered_width":584}